clicks,CTR,cost,avg CPM,eCPC
60,0.0006646376573167722,210.81399999999516,20.943175044704468,3.513566666666586
